{
    "reprojection_error": 0.4404645462468266,
    "camera_matrix": [
        [
            540.9187239118686,
            0.0,
            318.8810667815967
        ],
        [
            0.0,
            540.091456058225,
            246.5699469934979
        ],
        [
            0.0,
            0.0,
            1.0
        ]
    ],
    "dist_coeffs": [
        [
            0.14611171606494364,
            -0.8160961743032653,
            0.004735632225721259,
            -0.0023063265902003595,
            1.2194261337725094
        ]
    ]
}